Creator Name,Handel By Values,Category
aditya singh,laksh,Lowercase laksh
aeshna,laksh,Lowercase laksh
akarsh tandon,laksh,Lowercase laksh
akash yadav,laksh,Lowercase laksh
akshat vij,laksh,Lowercase laksh
aman sharma,laksh,Lowercase laksh
anshika,laksh,Lowercase laksh
anushka pradhan,laksh,Lowercase laksh
anushka tanpure,laksh,Lowercase laksh
avisha suman,LAKSH,Capital LAKSH
ayesha mukadam,laksh,Lowercase laksh
ayushaa,LAKSH,Capital LAKSH
ayushi,laksh,Lowercase laksh
bhavi saini,laksh,Lowercase laksh
bhoomika k g,laksh,Lowercase laksh
bhupender singh bisht,Not found,Not found
dev,laksh,Lowercase laksh
dhiksha,LAKSH,Capital LAKSH
diksha,laksh,Lowercase laksh
divya,laksh,Lowercase laksh
diya,laksh,Lowercase laksh
drishya,laksh,Lowercase laksh
eshika jothish,laksh,Lowercase laksh
gurasis,LAKSH; laksh,Capital LAKSH
hensi soni,laksh,Lowercase laksh
himanshi agrawal,laksh,Lowercase laksh
janvi,laksh,Lowercase laksh
juhi singh,LAKSH; laksh,Capital LAKSH
kashish miglani,laksh,Lowercase laksh
kashish sharma,LAKSH,Capital LAKSH
katyayni,laksh,Lowercase laksh
khushi chauhan,laksh,Lowercase laksh
khushwat,laksh,Lowercase laksh
kirti,laksh,Lowercase laksh
krish bisht,laksh,Lowercase laksh
kritika mehndiratta,laksh,Lowercase laksh
manar,laksh,Lowercase laksh
mansi tyagi,laksh,Lowercase laksh
manya,laksh,Lowercase laksh
megha mishra,LAKSH,Capital LAKSH
mohit singh,laksh,Lowercase laksh
ms. maneesha p s,laksh,Lowercase laksh
naina,laksh,Lowercase laksh
namrata,LAKSH,Capital LAKSH
nikita pukhraj,laksh,Lowercase laksh
nitasha goyal,laksh,Lowercase laksh
palak,laksh,Lowercase laksh
palak choudhary,laksh,Lowercase laksh
pawan ghambhir,LAKSH,Capital LAKSH
piyush rastogi,laksh,Lowercase laksh
prachi,laksh,Lowercase laksh
preet dhillon,laksh,Lowercase laksh
priyanka das,laksh,Lowercase laksh
priyattama limma,LAKSH,Capital LAKSH
puja tiwary,laksh,Lowercase laksh
rahul,LAKSH,Capital LAKSH
rajiv rathod,laksh,Lowercase laksh
rishi,laksh,Lowercase laksh
rishi chauhan,laksh,Lowercase laksh
riya tyagi,laksh,Lowercase laksh
sadaf,LAKSH,Capital LAKSH
samaira bedi,Laksh,Capital LAKSH
sareen negi,LAKSH; laksh,Capital LAKSH
shivani singh,LAKSH,Capital LAKSH
shruti katoch,laksh,Lowercase laksh
sonal,laksh,Lowercase laksh
sonal kumar,laksh,Lowercase laksh
sonali meena,LAKSH,Capital LAKSH
sparya,laksh,Lowercase laksh
sugapriya r,LAKSH; Laksh,Capital LAKSH
suhani garg,laksh,Lowercase laksh
swapnil jha,laksh,Lowercase laksh
tanishq batra,laksh,Lowercase laksh
tapish soni,laksh,Lowercase laksh
yashika arora,laksh,Lowercase laksh
